"","id","GPA","Major"
"1",65446,1.5596255288925,"computer science"
"2",79686,3.81303340024315,"economics"
"3",56400,2.84091178318486,"political science"
"4",16792,2.07688498562202,"computer science"
"5",92195,3.8168960659299,"biology"
"6",93635,2.14732621782459,"computer science"
"7",37569,3.83832427286543,"biology"
"8",61757,3.51566007677466,"economics"
"9",72878,3.28145166030154,"statistics"
"10",99790,2.79317454374395,"economics"
"11",66144,2.33489955929108,"statistics"
"12",69243,1.7962048092857,"computer science"
"13",26685,3.86672276966274,"political science"
"14",29403,3.90243482310325,"statistics"
"15",54170,2.98210971564986,"economics"
"16",28985,3.68452825895511,"statistics"
"17",65254,1.84179845741019,"political science"
"18",30143,2.94560474092141,"economics"
"19",22677,2.81632002107799,"economics"
"20",90184,1.96940058791079,"computer science"
"21",94732,2.51304914867505,"political science"
"22",15508,2.26361498115584,"computer science"
"23",90391,1.65228954921477,"political science"
"24",49414,2.3202586861793,"economics"
"25",91913,3.97374823391438,"political science"
"26",16055,3.35390666020103,"political science"
"27",88540,2.26897290884517,"political science"
"28",76245,3.12577675464563,"statistics"
"29",76517,2.01852391213179,"statistics"
"30",70019,1.6971293901559,"computer science"
"31",68803,2.96186659168452,"computer science"
"32",35553,3.17459448846057,"computer science"
"33",84108,1.54622874315828,"economics"
"34",33236,2.44086389523,"computer science"
"35",94586,2.72328137089498,"statistics"
"36",31322,1.85256607043557,"computer science"
"37",20335,1.66838160022162,"statistics"
"38",22147,1.88654612689279,"computer science"
"39",55147,3.09596665836871,"computer science"
"40",38707,2.78234129580669,"economics"
"41",25676,2.05136818913743,"computer science"
"42",74800,1.84142608069815,"economics"
"43",99424,3.54694442665204,"computer science"
"44",26347,1.71619796017185,"computer science"
"45",61544,3.06034485436976,"political science"
"46",47276,2.47367299660109,"biology"
"47",20049,3.81614289255813,"computer science"
"48",86713,3.82284680660814,"political science"
"49",94888,2.33435746030882,"computer science"
"50",62417,3.31808162909001,"computer science"
"51",99679,2.74425302827731,"computer science"
"52",52155,2.1667882734444,"political science"
"53",96698,3.01096023027785,"computer science"
"54",62423,3.71968265869655,"statistics"
"55",54266,3.30337135330774,"economics"
"56",43935,3.96660380628891,"economics"
"57",27228,3.05172383221798,"economics"
"58",37838,3.97797819371335,"computer science"
"59",92583,2.9422699900344,"computer science"
"60",30518,3.27439229902811,"economics"
"61",88887,2.97548410245217,"biology"
"62",84806,1.51253983625211,"economics"
"63",61824,3.94466171800159,"economics"
"64",35418,2.17729677860625,"statistics"
"65",87696,2.20516435801983,"statistics"
"66",16782,1.73555360748433,"statistics"
"67",31900,3.40468456801027,"economics"
"68",45016,2.43666958203539,"economics"
"69",74040,3.60352091193199,"economics"
"70",43977,3.7420225802809,"political science"
"71",60194,2.06839448446408,"computer science"
"72",25682,1.7569325805176,"economics"
"73",85588,3.1607206992805,"computer science"
"74",41284,2.31985182939097,"computer science"
"75",80070,2.31442614560947,"economics"
"76",89255,2.72342516863719,"economics"
"77",37964,3.20088994032703,"statistics"
"78",27195,1.65886948197149,"computer science"
"79",49254,3.19928811867721,"economics"
"80",64210,2.26179612656124,"economics"
"81",82226,3.04412788194604,"political science"
"82",27416,3.76596534899436,"computer science"
"83",15897,3.45446443688124,"computer science"
"84",30146,2.30831234706566,"economics"
"85",33473,2.56543093514629,"political science"
"86",72454,2.44987429017201,"biology"
"87",70538,1.46909694508649,"computer science"
"88",48959,3.84809151268564,"political science"
"89",86144,1.55560071337968,"political science"
"90",26019,2.04212720119394,"statistics"
"91",23888,3.42107090493664,"computer science"
"92",55307,2.40299561358988,"computer science"
"93",51754,2.59909536736086,"biology"
"94",32676,1.42905972390436,"computer science"
"95",33733,2.68607608703896,"statistics"
"96",61153,1.58546356009319,"political science"
"97",10605,3.81692064413801,"political science"
"98",48527,2.99419459314086,"computer science"
"99",81385,3.48605543472804,"computer science"
"100",67752,1.71717183799483,"computer science"
"101",58739,1.56223379792646,"political science"
"102",38305,3.38406940270215,"statistics"
"103",98027,2.69800963550806,"economics"
"104",34133,1.526459409995,"economics"
"105",40358,3.04309105277061,"economics"
"106",12638,2.96289738481864,"biology"
"107",74054,3.9324175927788,"economics"
"108",89550,1.46315984376706,"statistics"
"109",91350,2.08495136634447,"biology"
"110",98557,3.24112417884171,"computer science"
"111",56888,2.1038493914064,"computer science"
"112",41006,2.7859623933211,"computer science"
"113",61752,3.33333726250567,"computer science"
"114",13236,1.59402823173441,"economics"
"115",51232,2.30035668844357,"statistics"
"116",29976,3.08033632426523,"economics"
"117",77799,2.57332935882732,"economics"
"118",80653,1.47211643191986,"computer science"
"119",47777,2.93040857743472,"statistics"
"120",82043,3.16889316141605,"economics"
"121",27865,1.59767577438615,"computer science"
"122",32439,2.33151001245715,"political science"
"123",23362,2.30145218060352,"economics"
"124",48416,1.7310917828232,"statistics"
"125",14314,3.29677771278657,"political science"
"126",73068,3.18222961337306,"computer science"
"127",56041,3.83167737885378,"political science"
"128",76003,3.79167377874255,"economics"
"129",52944,2.42652628854848,"economics"
"130",46029,2.89827068131417,"political science"
"131",40361,3.95104319993407,"computer science"
"132",48770,3.56502660363913,"computer science"
"133",81126,3.4110745485872,"computer science"
"134",66421,2.04547675191425,"statistics"
"135",47991,3.89729261109605,"biology"
"136",45679,3.93545172507875,"political science"
"137",59276,3.7883834685199,"computer science"
"138",55524,2.09169441568665,"political science"
"139",79312,1.73963827551343,"political science"
"140",53279,3.04691955437884,"statistics"
"141",42738,2.97096844194457,"political science"
"142",35120,3.18712874441408,"statistics"
"143",92789,1.59157747910358,"computer science"
"144",44374,3.08207926857285,"economics"
"145",80473,3.80262734433636,"biology"
"146",13367,2.29032272533514,"economics"
"147",44671,3.59972133017145,"political science"
"148",22420,2.87840094924904,"economics"
"149",88521,3.06206145342439,"economics"
"150",73273,2.5351280361414,"political science"
"151",43580,3.36408151048236,"computer science"
"152",81589,2.2246516904328,"statistics"
"153",46201,1.93287631189451,"economics"
"154",88370,3.00749893379398,"computer science"
"155",86087,2.11682019946165,"computer science"
"156",12106,3.33609302137047,"economics"
"157",29876,2.24470032928512,"political science"
"158",62935,1.4783729785122,"statistics"
"159",31609,3.18305654861033,"statistics"
"160",31436,3.86226666141301,"statistics"
"161",86653,1.65281025781296,"economics"
"162",58179,3.98123274049722,"statistics"
"163",21304,2.10922772516496,"political science"
"164",65266,3.03868046938442,"computer science"
"165",56267,2.8533168438822,"computer science"
"166",42720,1.53323872038163,"economics"
"167",65143,1.61880610683002,"computer science"
"168",63406,2.97630227450281,"biology"
"169",25949,3.87500454159454,"economics"
"170",51639,3.23710294160992,"statistics"
"171",86177,3.72321138498373,"economics"
"172",71576,3.96388060972095,"economics"
"173",60872,1.9063816240523,"statistics"
"174",44587,1.74688318134285,"economics"
"175",87470,2.23159478511661,"economics"
"176",25450,1.67823081724346,"computer science"
"177",32696,1.43413924667984,"political science"
"178",75696,2.65704484349117,"computer science"
"179",62469,2.92304522874765,"biology"
"180",67309,1.42973878006451,"political science"
"181",90922,2.24608587771654,"biology"
"182",11790,3.72664360241033,"statistics"
"183",51402,2.92041574004106,"statistics"
"184",63877,3.96882032467984,"biology"
"185",46019,3.64245136007667,"political science"
"186",57346,1.86000118390657,"computer science"
"187",76841,3.96339652659371,"computer science"
"188",24870,3.965977706993,"political science"
"189",69097,2.35695603513159,"political science"
"190",84434,3.72730387789197,"political science"
"191",91307,1.92198992064223,"economics"
"192",59985,1.98263386962935,"economics"
"193",81598,2.50842159530148,"biology"
"194",12207,1.4049286574591,"political science"
"195",31125,3.44964753063396,"economics"
"196",85447,1.40222193091176,"political science"
"197",45412,2.8079899226781,"computer science"
"198",84601,2.79408227149397,"economics"
"199",79957,2.8567328503821,"statistics"
"200",24432,3.20511712455191,"statistics"
"201",89439,1.40723622557707,"political science"
"202",90824,1.52053174804896,"computer science"
"203",61440,1.41810906101018,"statistics"
"204",83596,2.66998734674416,"political science"
"205",64865,1.77117445683107,"economics"
"206",36917,2.31513487347402,"computer science"
"207",36502,1.87789572421461,"economics"
"208",55045,1.68029849464074,"computer science"
"209",63209,1.80447251750156,"economics"
"210",85079,1.8715179507155,"computer science"
"211",12899,2.32872455948964,"computer science"
"212",13790,3.23040386619978,"statistics"
"213",75041,3.19986636973917,"economics"
"214",57269,2.70015314631164,"political science"
"215",95775,2.07668066765182,"biology"
"216",47199,3.85638469262049,"economics"
"217",64153,2.86686023804359,"economics"
"218",41036,2.95338812991977,"computer science"
"219",23247,2.8214679507073,"biology"
"220",44232,3.90570254735649,"statistics"
"221",49077,1.91328676328994,"political science"
"222",16254,3.3067843475379,"economics"
"223",23715,3.6858523058705,"political science"
"224",33309,2.52372454120778,"economics"
"225",46086,1.6065645519644,"economics"
"226",23387,1.88141644885764,"economics"
"227",35081,2.32718300987035,"computer science"
"228",83443,3.51285068183206,"statistics"
"229",89753,2.59296985995024,"biology"
"230",30797,1.91145025035366,"computer science"
"231",49716,3.04115565372631,"computer science"
"232",28012,3.85647195279598,"economics"
"233",52992,2.12960950797424,"statistics"
"234",34593,3.52751520574093,"computer science"
"235",86332,3.31283626561053,"political science"
"236",58010,3.5398095624987,"economics"
"237",31036,1.59663870609365,"economics"
"238",73602,2.64709224011749,"statistics"
"239",10544,3.05733052822761,"computer science"
"240",75483,3.62427321784198,"political science"
"241",90017,2.49629394430667,"biology"
"242",85762,3.38591326470487,"computer science"
"243",96409,1.84590351032093,"computer science"
"244",43631,3.57468808167614,"political science"
"245",38231,3.17292830618098,"statistics"
"246",46281,2.47318222243339,"biology"
"247",97247,3.30335461026989,"computer science"
"248",41094,3.73204363589175,"computer science"
"249",33772,1.47785764187574,"political science"
"250",55857,2.08353854282759,"economics"
"251",60986,2.35102131650783,"biology"
"252",65436,2.34454964748584,"statistics"
"253",95132,2.42388631682843,"computer science"
"254",76029,2.59798605786636,"computer science"
"255",23518,1.82307975380681,"computer science"
"256",50680,1.54500602800399,"biology"
"257",46516,2.11309511265717,"computer science"
"258",90660,2.15328017962165,"statistics"
"259",80041,3.66326315770857,"political science"
"260",74372,3.81676083705388,"computer science"
"261",94205,3.5066194253508,"biology"
"262",69824,3.25756959221326,"biology"
"263",46666,2.31007899362594,"computer science"
"264",39443,3.88494022213854,"biology"
"265",43592,2.29722436196171,"biology"
"266",10288,1.46475462084636,"biology"
"267",53890,3.9429061785806,"statistics"
"268",39743,2.12974790045992,"computer science"
"269",57017,2.81132230963558,"statistics"
"270",27391,2.82205510782078,"statistics"
"271",96929,1.63487119390629,"political science"
"272",52883,2.28443245585076,"computer science"
"273",49324,3.90861581414938,"economics"
"274",46932,2.43448933619075,"political science"
"275",47565,3.57336676130071,"economics"
"276",35502,3.07044801977463,"computer science"
"277",94724,1.5272050623782,"political science"
"278",26335,2.09358714716509,"biology"
"279",62649,3.00324214203283,"statistics"
"280",88769,2.96294846748933,"biology"
"281",26370,3.77428122386336,"political science"
"282",37244,2.0432734109927,"computer science"
"283",68484,2.9022915952839,"economics"
"284",15923,2.28143308754079,"computer science"
"285",81439,3.91725996467285,"political science"
"286",18389,1.71241859681904,"computer science"
"287",57146,1.58476567058824,"computer science"
"288",64602,2.30401082164608,"computer science"
"289",29161,3.66502956817858,"biology"
"290",85723,3.77467469736002,"statistics"
"291",32279,1.88238728353754,"political science"
"292",41711,3.63588714608923,"statistics"
"293",10847,3.14981982964091,"statistics"
"294",41073,3.53684893115424,"statistics"
"295",43511,1.71110969297588,"statistics"
"296",44473,3.27899534441531,"computer science"
"297",83444,2.70518197203055,"computer science"
"298",62395,2.34854805357754,"computer science"
"299",39254,3.01906529711559,"political science"
"300",93338,2.59697743179277,"economics"
"301",78703,3.02324358462356,"computer science"
"302",27852,2.05378481401131,"political science"
"303",31166,1.46233860556968,"biology"
"304",17464,3.83647586158477,"political science"
"305",68228,3.87617734605446,"economics"
"306",88965,1.80508740250953,"computer science"
"307",34890,2.03557392423973,"statistics"
"308",98665,1.67448815200478,"biology"
"309",16402,3.01068998198025,"biology"
"310",31784,1.9678753152024,"economics"
"311",98774,3.90888360044919,"statistics"
"312",53021,3.11992390244268,"political science"
"313",57706,1.90419963961467,"economics"
"314",22008,3.95460003488697,"computer science"
"315",65383,2.83934188759886,"economics"
"316",24693,1.68951271963306,"political science"
"317",70445,1.94409786416218,"economics"
"318",91220,3.20914686224423,"economics"
"319",83170,3.10711514130235,"economics"
"320",17602,2.58321512565017,"statistics"
"321",35016,2.02935498440638,"computer science"
"322",31836,3.38558301739395,"computer science"
"323",96840,3.24979138025083,"biology"
"324",56493,3.3804404609371,"statistics"
"325",88766,2.65456658392213,"computer science"
"326",38589,3.51461713165045,"computer science"
"327",21130,1.52153513170779,"political science"
"328",80096,1.98988025132567,"computer science"
"329",66073,2.228904155083,"economics"
"330",79291,1.72234882609919,"computer science"
"331",48933,1.8967148121912,"economics"
"332",22119,2.22560977623798,"statistics"
"333",71489,1.60895652417094,"computer science"
"334",21605,3.90386540242471,"biology"
"335",78710,1.81073460071348,"computer science"
"336",63046,3.94612511447631,"computer science"
"337",16243,3.98260373123921,"political science"
"338",51439,3.06640353612602,"political science"
"339",50303,3.96774408961646,"political science"
"340",91584,1.9017655022908,"political science"
"341",86090,2.38497119941749,"political science"
"342",26331,1.54700682768598,"computer science"
"343",76607,1.63921489533968,"political science"
"344",82885,3.07758398870938,"statistics"
"345",48595,3.51866161953658,"statistics"
"346",77659,3.26664816155098,"statistics"
"347",46271,1.42602244191803,"economics"
"348",20550,1.44773204484954,"computer science"
"349",96789,2.79095878629014,"computer science"
"350",65239,1.75087680811994,"political science"
"351",46486,1.44273297921754,"computer science"
"352",46478,1.64253370650113,"economics"
"353",90055,3.44739123345353,"statistics"
"354",49687,3.47945783394389,"statistics"
"355",56444,3.67770453453995,"computer science"
"356",22997,1.88586572441272,"statistics"
"357",57225,3.82153039448895,"political science"
"358",60462,3.9126553889364,"political science"
"359",78608,1.64047460220754,"economics"
"360",27277,2.20146598573774,"computer science"
"361",95390,3.25216948185116,"computer science"
"362",52029,2.39445191645063,"political science"
"363",39130,1.85297655696049,"biology"
"364",82608,1.43935573874041,"statistics"
"365",82359,3.1485599254258,"political science"
"366",79915,3.06009399634786,"computer science"
"367",40810,1.62688025915995,"biology"
"368",29059,2.93240557243116,"statistics"
"369",26940,2.56374080120586,"political science"
"370",19816,1.49352770391852,"economics"
"371",96367,1.77843703068793,"computer science"
"372",31553,2.25456783240661,"economics"
"373",11016,2.22473096651956,"economics"
"374",59796,3.00650518867187,"computer science"
"375",61318,2.6079120375216,"economics"
"376",63073,3.73250154084526,"economics"
"377",16874,3.32092177751474,"political science"
"378",86726,2.3345793494489,"statistics"
"379",98084,3.54408208937384,"political science"
"380",39822,2.80427405126393,"computer science"
"381",97233,1.63466863268986,"statistics"
"382",26990,2.10751887168735,"biology"
"383",97428,2.74629336763173,"statistics"
"384",69290,2.65894291545264,"economics"
"385",44958,2.7417399387341,"computer science"
"386",84727,3.07152668293566,"statistics"
"387",34806,3.43752539809793,"statistics"
"388",88125,2.36322548980825,"computer science"
"389",11211,3.48230123920366,"economics"
"390",49552,2.94053656803444,"computer science"
"391",75942,3.21659012022428,"political science"
"392",71774,3.75655044969171,"political science"
"393",32502,3.96115660560317,"biology"
"394",62597,2.56065356130712,"political science"
"395",32306,1.93799252188765,"political science"
"396",74453,2.11410789634101,"computer science"
"397",67849,2.80011490462348,"political science"
"398",26769,3.99889994282275,"statistics"
"399",88593,2.44474922800437,"economics"
"400",99579,2.95219669127837,"political science"
"401",19846,3.48498011012562,"computer science"
"402",42481,2.21397013654932,"economics"
"403",60535,2.97456051548943,"political science"
"404",24404,3.69847751408815,"computer science"
"405",89587,2.90045279529877,"statistics"
"406",60889,2.43597507770173,"economics"
"407",87229,3.3079831297975,"biology"
"408",69880,2.27453001681715,"computer science"
"409",20855,2.37048881552182,"biology"
"410",48221,1.93593461802229,"economics"
"411",77165,3.81924689789303,"statistics"
"412",14741,2.82552116606385,"computer science"
"413",58272,2.36081427321769,"political science"
"414",58931,3.71700539076701,"computer science"
"415",85497,2.0493223301135,"statistics"
"416",82998,2.1953534275759,"computer science"
"417",36347,3.72464367141947,"economics"
"418",76718,1.71897139796056,"political science"
"419",20225,2.18087531570345,"statistics"
"420",28748,3.57598445578478,"political science"
"421",47187,1.71376291904598,"statistics"
"422",36269,1.52670241044834,"economics"
"423",51981,3.31597537817433,"statistics"
"424",66104,1.58189118374139,"statistics"
"425",71279,3.641566117201,"political science"
"426",34162,3.25321490895003,"statistics"
"427",98457,1.6268347482197,"statistics"
"428",61491,3.08243752829731,"computer science"
"429",54269,3.72256113123149,"political science"
"430",90568,2.24083592682146,"political science"
"431",15971,1.6029938809108,"computer science"
"432",19142,3.01660259529017,"political science"
"433",99229,2.76819715420716,"political science"
"434",13673,1.46988832997158,"computer science"
"435",70138,2.54947471171617,"computer science"
"436",53343,1.81861301967874,"statistics"
"437",25270,3.51546934368089,"computer science"
"438",96820,2.98432091716677,"economics"
"439",49928,3.39336686767638,"statistics"
"440",18043,3.90193535718136,"computer science"
"441",38623,3.92121686548926,"political science"
"442",16821,1.41177049423568,"economics"
"443",39063,1.79075420950539,"statistics"
"444",17025,3.6509808131028,"computer science"
"445",27530,1.71545086037368,"political science"
"446",15692,2.70570645262487,"statistics"
"447",38596,1.6551427334547,"political science"
"448",22635,3.26883973912336,"economics"
"449",27742,1.57079408676364,"statistics"
"450",40135,2.581302244775,"economics"
"451",52635,1.50020847688429,"computer science"
"452",11621,3.80476546077989,"statistics"
"453",77397,2.7339483555872,"statistics"
"454",26112,3.84050341816619,"statistics"
"455",95956,1.74859247975983,"computer science"
"456",53469,1.98387270187959,"computer science"
"457",18851,2.01228386037983,"statistics"
"458",50254,3.75448060026392,"computer science"
"459",39150,2.52405529459938,"computer science"
"460",75175,3.25228532953188,"biology"
"461",25028,2.02028500088491,"statistics"
"462",78397,2.83555063074455,"political science"
"463",21894,2.3251475660596,"political science"
"464",59443,2.5589129300788,"statistics"
"465",62877,3.5306701738853,"economics"
"466",56954,2.69608463109471,"economics"
"467",20891,3.48518392867409,"statistics"
"468",56131,2.19485865863971,"computer science"
"469",47520,3.21526519069448,"computer science"
"470",80599,3.05818519196473,"computer science"
"471",94686,1.76402958063409,"statistics"
"472",60163,1.63343432066031,"economics"
"473",56445,3.57199171041138,"biology"
"474",96625,2.02351181977428,"computer science"
"475",95494,3.21367078772746,"economics"
"476",31765,3.71205946966074,"computer science"
"477",76010,1.86478259973228,"economics"
"478",30046,2.43783361907117,"economics"
"479",72996,2.56724663097411,"computer science"
"480",45438,3.90919734686613,"statistics"
"481",93232,3.29311639093794,"computer science"
"482",46225,2.86461647604592,"economics"
"483",66017,2.32984997215681,"statistics"
"484",66754,2.71953842113726,"political science"
"485",14193,1.6548998480197,"computer science"
"486",58207,2.11529470034875,"political science"
"487",91959,3.11756060612388,"statistics"
"488",74708,3.39384508063085,"political science"
"489",48140,3.64321354725398,"economics"
"490",99684,2.76382344146259,"economics"
"491",73741,1.71835514120758,"computer science"
"492",78524,3.49913340900093,"political science"
"493",36367,2.98490061564371,"economics"
"494",91963,3.68862911006436,"economics"
"495",90151,1.44157902444713,"economics"
"496",13991,3.84200081345625,"political science"
"497",39423,1.92446792172268,"biology"
"498",85149,1.99228444756009,"computer science"
"499",57536,2.25658032703213,"political science"
"500",28366,3.19462770638056,"political science"
"501",97235,2.28290698155761,"statistics"
"502",52450,2.96974092507735,"political science"
"503",40545,3.28299425719306,"statistics"
"504",35961,3.81348029491492,"biology"
"505",39960,1.98489529360086,"political science"
"506",24867,3.41626078356057,"economics"
"507",20526,3.34329969692044,"political science"
"508",33387,2.24377707163803,"computer science"
"509",28744,2.77802008227445,"political science"
"510",65198,1.7971736789681,"statistics"
"511",73939,2.97054467019625,"computer science"
"512",78490,1.83141123363748,"economics"
"513",52040,3.87616804712452,"computer science"
"514",44894,2.28625743305311,"economics"
"515",24047,3.09450356215239,"political science"
"516",29334,2.73932197298855,"political science"
"517",99132,3.26657429798506,"political science"
"518",66067,2.970964154182,"biology"
"519",59151,2.37710519093089,"computer science"
"520",36074,2.85214891014621,"computer science"
"521",37665,1.68548769042827,"computer science"
"522",47692,2.86566604198888,"political science"
"523",49388,3.79901446457952,"statistics"
"524",54370,2.44442314133048,"biology"
"525",15411,2.58901079618372,"economics"
"526",60518,3.86353204050101,"economics"
"527",10174,3.61907853083685,"computer science"
"528",28737,3.56893757884391,"computer science"
"529",49645,2.68299516406842,"computer science"
"530",67880,3.1029717491474,"biology"
"531",53333,1.5610900816042,"political science"
"532",82019,2.55670117647387,"economics"
"533",33579,2.90618047062308,"computer science"
"534",70025,2.01934883939102,"economics"
"535",74995,2.3110910999123,"biology"
"536",96887,3.37341123870574,"political science"
"537",47056,3.18535847719759,"computer science"
"538",89632,3.05048913154751,"computer science"
"539",25944,3.60508439373225,"statistics"
"540",17220,3.92874464802444,"computer science"
"541",28887,3.15269395327195,"economics"
"542",39788,1.82487766235135,"biology"
"543",31890,3.82820611693896,"political science"
"544",52544,2.65344494930468,"statistics"
"545",31490,3.48019317705184,"computer science"
"546",75414,3.3723045764491,"computer science"
"547",12414,3.25964674772695,"statistics"
"548",85043,1.91747895893641,"economics"
"549",60358,2.9948679540772,"economics"
"550",33316,3.51969804554246,"political science"
"551",92890,1.95499206879176,"biology"
"552",94650,3.94241611510515,"economics"
"553",14313,3.70023639448918,"statistics"
"554",79091,1.80115924659185,"computer science"
"555",92722,3.08546326123178,"economics"
"556",49329,2.61227253829129,"biology"
"557",10638,3.67957573458552,"political science"
"558",90896,3.42800914947875,"political science"
"559",28107,3.18035373692401,"political science"
"560",97735,2.2656900354661,"political science"
"561",20950,3.70684162643738,"computer science"
"562",71658,1.91475080507807,"economics"
"563",16108,3.59266561982222,"statistics"
"564",49265,2.80463383467868,"political science"
"565",56560,2.7478512680158,"political science"
"566",15653,3.04862578543834,"computer science"
"567",53532,2.31101902760565,"economics"
"568",45592,3.39396194349974,"political science"
"569",78964,3.87782081463374,"computer science"
"570",60235,3.85822571851313,"economics"
"571",92574,1.61739126262255,"economics"
"572",22095,1.4646708578337,"computer science"
"573",15328,2.18113492056727,"political science"
"574",87216,1.66726334411651,"biology"
"575",82400,2.26814652630128,"statistics"
"576",55618,3.33795888517052,"computer science"
"577",46140,1.80605251654051,"political science"
"578",83289,2.67880630940199,"political science"
"579",69723,1.74114683000371,"computer science"
"580",23495,1.47518509151414,"computer science"
"581",77947,2.41196082024835,"economics"
"582",20788,2.49614459844306,"economics"
"583",57663,2.29693196294829,"statistics"
"584",19043,3.20836119498126,"computer science"
"585",36341,3.0552247597836,"computer science"
"586",29927,1.4625286067836,"economics"
"587",83189,3.15058900569566,"statistics"
"588",91149,2.87216607211158,"biology"
"589",94762,2.10487606627867,"economics"
"590",31770,3.03152405866422,"biology"
"591",18060,1.62791401189752,"computer science"
"592",55420,3.98080223533325,"statistics"
"593",44920,3.80560107021593,"computer science"
"594",46572,2.88356569213793,"political science"
"595",85514,1.62513052392751,"statistics"
"596",62176,2.36045328998007,"political science"
"597",82705,3.03950633434579,"statistics"
"598",17012,1.68274401091039,"computer science"
"599",71423,3.22525905659422,"economics"
"600",80389,3.93363983272575,"computer science"
"601",93762,3.55111909471452,"statistics"
"602",24852,1.70729857184924,"biology"
"603",71850,3.85918001113459,"political science"
"604",26642,2.86709673027508,"computer science"
"605",34166,3.61839179145172,"computer science"
"606",96349,3.42252702196129,"economics"
"607",75373,3.22763521075249,"computer science"
"608",80315,3.20648357933387,"economics"
"609",45868,3.2119424785953,"computer science"
"610",17456,3.11680986811407,"computer science"
"611",34633,3.84285215982236,"biology"
"612",80489,2.0535554420203,"biology"
"613",17103,3.93111566812731,"political science"
"614",31808,1.65142267597839,"economics"
"615",79968,2.39457942759618,"computer science"
"616",23813,3.73554288661107,"economics"
"617",35743,2.78914222661406,"political science"
"618",51221,1.88131041950546,"economics"
"619",24946,1.41260435599834,"computer science"
"620",64689,2.27144688670523,"statistics"
"621",91914,3.39763117739931,"computer science"
"622",38928,3.50577157493681,"computer science"
"623",80666,3.39907525382005,"biology"
"624",20909,2.01436114846729,"political science"
"625",37931,2.92694029691629,"computer science"
"626",67838,2.65954517205246,"economics"
"627",52474,3.31941306865774,"statistics"
"628",41508,2.2665655520279,"computer science"
"629",81634,1.53708152300678,"computer science"
"630",46748,1.78617468173616,"computer science"
"631",76430,3.85390468477271,"statistics"
"632",71873,3.48606203012168,"statistics"
"633",50979,3.76353008449078,"political science"
"634",29889,3.07217336567119,"economics"
"635",76483,2.00095090800896,"economics"
"636",24861,2.90171613129787,"statistics"
"637",67385,2.56076103383675,"political science"
"638",40917,1.5927887535654,"biology"
"639",46048,1.78452195175923,"political science"
"640",57965,3.18467119480483,"political science"
"641",97935,1.53228834988549,"computer science"
"642",68054,3.34889632156119,"economics"
"643",75290,2.78414329597726,"statistics"
"644",20238,2.6071188183967,"economics"
"645",82432,3.58759553399868,"computer science"
"646",26506,3.65380686149001,"biology"
"647",43105,2.13977247383446,"statistics"
"648",70883,2.91431408016942,"computer science"
"649",69715,2.61873046928085,"economics"
"650",18016,2.0536251806654,"statistics"
"651",90181,3.01227767635137,"statistics"
"652",20713,2.58661062619649,"computer science"
"653",96733,3.42157577793114,"computer science"
"654",83599,2.61157436608337,"computer science"
"655",22068,2.83006084603257,"political science"
"656",21135,2.61427062293515,"statistics"
"657",29899,1.56885939296335,"economics"
"658",87578,3.6610135818366,"political science"
"659",97846,3.77061742185615,"biology"
"660",80647,2.42674580770545,"economics"
"661",54924,2.0287808183115,"economics"
"662",99572,1.75794928087853,"political science"
"663",23328,1.66101192855276,"computer science"
"664",95578,2.04733954835683,"biology"
"665",84573,2.33697115033865,"economics"
"666",71984,2.32477208506316,"biology"
"667",89487,3.28551519159228,"economics"
"668",66368,2.69263109955937,"computer science"
"669",40391,1.69027798082679,"economics"
"670",19255,1.41013831743039,"statistics"
"671",36497,2.45328962048516,"economics"
"672",15531,2.37358877039514,"computer science"
"673",40978,3.29491739710793,"computer science"
"674",78288,2.44212364084087,"statistics"
"675",88337,2.55401899665594,"biology"
"676",91553,3.469801085582,"computer science"
"677",15044,1.4912962579634,"computer science"
"678",84920,2.40617886898108,"statistics"
"679",32788,2.15298880366608,"biology"
"680",57784,3.83657057313249,"statistics"
"681",29767,2.31689671589993,"economics"
"682",24375,1.41809884435497,"economics"
"683",10844,3.7965187839698,"computer science"
"684",29858,1.78149683387019,"computer science"
"685",86538,1.46950470022857,"computer science"
"686",99766,2.83031038558111,"statistics"
"687",59285,3.24782196059823,"computer science"
"688",92758,2.93045488744974,"statistics"
"689",32588,1.59577144361101,"political science"
"690",81647,3.46809246516787,"political science"
"691",97928,3.82049634149298,"computer science"
"692",99865,2.07088130684569,"statistics"
"693",16430,3.73709075315855,"statistics"
"694",84963,3.52363990982994,"political science"
"695",74952,1.64873438808136,"statistics"
"696",68775,3.18228519447148,"political science"
"697",70780,1.7482782932464,"statistics"
"698",61265,1.982061163662,"biology"
"699",19972,2.23262483850122,"statistics"
"700",35816,3.76238557030447,"economics"
"701",39845,1.47613965412602,"political science"
"702",68645,3.73943086722866,"political science"
"703",28865,2.33043763958849,"economics"
"704",47141,2.36060834801756,"economics"
"705",58671,3.91368783470243,"statistics"
"706",87651,1.70547292572446,"statistics"
"707",74926,3.19892559600994,"economics"
"708",13031,3.98718283586204,"political science"
"709",70017,1.45188166312873,"statistics"
"710",79333,1.86904297280125,"economics"
"711",71369,1.94812681730837,"computer science"
"712",56461,3.36640686406754,"computer science"
"713",60977,2.85311837065965,"computer science"
"714",31407,3.5476931960322,"political science"
"715",74889,2.25493546491489,"economics"
"716",83915,3.23327053119428,"computer science"
"717",23634,2.37741546984762,"biology"
"718",82208,2.46556022232398,"computer science"
"719",98741,3.93785982890986,"economics"
"720",98789,3.51181702595204,"computer science"
"721",81779,1.78281572372653,"biology"
"722",91664,3.76341172941029,"biology"
"723",46501,1.67514688926749,"computer science"
"724",86097,3.96889632334933,"biology"
"725",80476,2.14380330662243,"statistics"
"726",54845,2.63177618999034,"political science"
"727",75943,3.9788451062981,"statistics"
"728",93968,3.63354899943806,"computer science"
"729",77046,1.96506608976051,"computer science"
"730",99769,1.59343606042676,"statistics"
"731",13154,2.22106720688753,"political science"
"732",53414,3.71808302663267,"statistics"
"733",63349,2.0521571513731,"statistics"
"734",36633,1.50612779879011,"economics"
"735",49578,1.78715847413987,"computer science"
"736",86191,3.87613016492687,"statistics"
"737",94868,2.29329811534844,"computer science"
"738",86774,3.04100862578489,"economics"
"739",14431,3.38146825390868,"economics"
"740",18889,3.21081799333915,"political science"
"741",97207,3.64290418908931,"biology"
"742",49743,3.27821326572448,"statistics"
"743",46045,2.7770412501879,"economics"
"744",51835,2.94034076323733,"statistics"
"745",43297,1.70829472751357,"statistics"
"746",92711,2.97183955027722,"computer science"
"747",90982,2.00370634542778,"political science"
"748",24744,2.72988033434376,"statistics"
"749",17868,2.71099961469881,"computer science"
"750",42723,1.94944972191006,"computer science"
"751",36121,1.42662944998592,"statistics"
"752",22116,1.89368363283575,"economics"
"753",29758,3.05879875062965,"economics"
"754",88841,2.20323135619983,"statistics"
"755",38984,3.24331774865277,"computer science"
"756",23507,1.48510844875127,"statistics"
"757",83533,2.46613419470377,"statistics"
"758",69220,3.37965627559461,"computer science"
"759",45987,2.31714016976766,"statistics"
"760",56454,1.87555808485486,"statistics"
"761",83638,3.19176394771785,"political science"
"762",78780,1.46633131401613,"economics"
"763",15230,1.52072292487137,"biology"
"764",71724,3.24050489226356,"biology"
"765",30840,3.11848958865739,"computer science"
"766",50827,2.01632186183706,"economics"
"767",72152,2.81419255593792,"biology"
"768",54090,2.70037632063031,"computer science"
"769",83605,3.11129093654454,"computer science"
"770",75487,1.46162834614515,"economics"
"771",53869,3.43639625399373,"biology"
"772",59896,3.05229110629298,"economics"
"773",18442,3.65430735652335,"statistics"
"774",66815,3.27812223839574,"political science"
"775",62300,2.12020840239711,"political science"
"776",62337,2.66200742046349,"computer science"
"777",44907,1.5841278957203,"statistics"
"778",48878,1.41980015262961,"computer science"
"779",63644,3.78858586810529,"biology"
"780",59013,3.45043038842268,"biology"
"781",75452,1.71249763681553,"biology"
"782",42268,1.95779124284163,"political science"
"783",94084,3.74065527315252,"statistics"
"784",16489,3.80646856697276,"computer science"
"785",58408,3.30406185924076,"computer science"
"786",51697,3.22837892114185,"political science"
"787",15963,3.62972876462154,"political science"
"788",32217,2.81585440323688,"computer science"
"789",90972,3.91664081853814,"computer science"
"790",48057,3.86643403670751,"statistics"
"791",67680,3.97400486767292,"statistics"
"792",41724,3.49823535853066,"biology"
"793",81429,2.77648419700563,"political science"
"794",67134,3.77818432576023,"economics"
"795",99410,1.55139241274446,"economics"
"796",22566,2.14487177431583,"statistics"
"797",89857,2.2993040708825,"economics"
"798",28852,3.31493269880302,"statistics"
"799",67231,2.22252552923746,"political science"
"800",43550,1.66608881740831,"political science"
"801",38883,2.02766775377095,"computer science"
"802",13084,2.85143878753297,"computer science"
"803",33526,2.14683278733864,"statistics"
"804",37182,2.04046013327315,"computer science"
"805",94206,2.85145475449972,"political science"
"806",49195,2.82416861276142,"political science"
"807",27610,3.15896150711924,"political science"
"808",59043,1.8375945861917,"statistics"
"809",81484,1.70121615575626,"statistics"
"810",90369,2.13279292983934,"economics"
"811",87227,3.95306747728027,"computer science"
"812",61443,2.09149723066948,"statistics"
"813",52896,3.58104714229703,"economics"
"814",38113,2.31082709832117,"statistics"
"815",20230,1.66314105843194,"computer science"
"816",64043,2.86870557954535,"biology"
"817",53937,2.55257230931893,"statistics"
"818",71100,2.54506418644451,"computer science"
"819",93279,3.49362837527879,"biology"
"820",18168,2.95168687370606,"biology"
"821",97989,3.08681973968632,"political science"
"822",61008,3.32866074400954,"computer science"
"823",10668,3.76649127518758,"statistics"
"824",93021,2.53770111803897,"economics"
"825",89975,1.86981151201762,"political science"
"826",16973,3.42310047615319,"political science"
"827",29008,2.47561604375951,"economics"
"828",96704,2.46309091965668,"economics"
"829",31394,2.41605676491745,"political science"
"830",13634,1.4438881162554,"political science"
"831",35566,3.79212087984197,"computer science"
"832",24859,1.70361788515002,"political science"
"833",51061,3.76618151143193,"statistics"
"834",22788,3.21502196262591,"economics"
"835",56663,3.30687762922607,"statistics"
"836",98185,2.84475430916063,"economics"
"837",64054,2.14276305595413,"economics"
"838",75814,2.81785319796763,"statistics"
"839",97106,3.99562523877248,"computer science"
"840",59419,3.4212999700103,"economics"
"841",98941,3.38241685796529,"statistics"
"842",44388,3.95774301569909,"economics"
"843",58817,3.83430357682519,"political science"
"844",29113,1.683034575684,"political science"
"845",79620,3.23463568990119,"political science"
"846",47510,2.36330517753959,"biology"
"847",86480,3.37876057997346,"computer science"
"848",59734,3.65981956557371,"political science"
"849",13849,3.39775518472306,"political science"
"850",63674,3.09638061844744,"political science"
"851",96764,3.56728574237786,"political science"
"852",13626,3.22657206477597,"political science"
"853",76028,3.59930384447798,"economics"
"854",42006,2.62726803533733,"computer science"
"855",47500,2.16531011406332,"statistics"
"856",51296,2.65713654034771,"biology"
"857",17761,1.44825780820101,"statistics"
"858",40523,1.42073893593624,"computer science"
"859",25942,2.30982895768248,"statistics"
"860",65674,2.7614814071916,"statistics"
"861",20555,3.32670366279781,"economics"
"862",10045,2.88299998049624,"political science"
"863",47119,1.58735571224242,"computer science"
"864",97051,1.91023988211527,"political science"
"865",76539,2.87797508295625,"biology"
"866",90096,1.66334015578032,"computer science"
"867",65434,1.52514045415446,"computer science"
"868",21159,3.15788379316218,"economics"
"869",28462,1.56646073819138,"political science"
"870",19232,3.74520539920777,"computer science"
"871",43727,3.26668441896327,"economics"
"872",55324,3.90812716116197,"biology"
"873",36932,2.07846942497417,"statistics"
"874",84509,3.56849610214122,"economics"
"875",79026,2.333713904256,"economics"
"876",38848,1.48172822445631,"economics"
"877",35915,1.7300652992446,"political science"
"878",99429,1.78449581293389,"statistics"
"879",67360,3.34354387721978,"political science"
"880",50479,2.95149807413109,"computer science"
"881",38809,3.18328637401573,"biology"
"882",54437,3.03654381246306,"political science"
"883",62893,3.74632587940432,"computer science"
"884",25779,3.28897110158578,"statistics"
"885",84665,1.55319553222507,"political science"
"886",35558,1.7990931074135,"political science"
"887",18429,3.32168931849301,"political science"
"888",71128,3.51985394260846,"computer science"
"889",14233,3.12099250513129,"economics"
"890",97202,3.29494410557672,"biology"
"891",86495,2.88205615757033,"biology"
"892",11412,2.48331000963226,"computer science"
"893",59023,1.90217156121507,"statistics"
"894",20881,2.37879539751448,"computer science"
"895",98961,3.66016185469925,"statistics"
"896",63281,2.39099579397589,"computer science"
"897",20336,3.3358457040973,"computer science"
"898",95429,3.96415787776932,"statistics"
"899",10980,2.13770254873671,"computer science"
"900",42078,3.37735297707841,"economics"
"901",18384,3.97035797033459,"computer science"
"902",30410,3.6596963246353,"economics"
"903",91498,2.43392192409374,"political science"
"904",38297,2.35081655359827,"computer science"
"905",92540,2.88442497658543,"computer science"
"906",70489,3.07337113334797,"biology"
"907",69884,2.51851807148196,"statistics"
"908",93774,2.01022210703231,"biology"
"909",85811,3.70231941472739,"statistics"
"910",92429,1.81760320649482,"economics"
"911",33274,2.9418615792878,"computer science"
"912",97487,3.89906032006256,"statistics"
"913",92222,3.28369147777557,"economics"
"914",39589,3.02814856525511,"computer science"
"915",36407,3.01350036668591,"statistics"
"916",94050,3.93889999724925,"computer science"
"917",78042,2.29703064807691,"political science"
"918",92953,2.89550281767733,"economics"
"919",45657,1.90403359550983,"computer science"
"920",16082,2.27493444611318,"political science"
"921",27558,3.93447057749145,"economics"
"922",89823,3.30282717673108,"economics"
"923",93183,2.78830065317452,"political science"
"924",68032,2.73465298879892,"computer science"
"925",51492,3.28159651984461,"computer science"
"926",83625,3.52629813132808,"computer science"
"927",59598,2.95964160189033,"computer science"
"928",27678,2.3403869098518,"biology"
"929",26108,1.63542630025186,"statistics"
"930",49401,1.79613768821582,"computer science"
"931",75134,3.17840435891412,"political science"
"932",99172,3.34521286594681,"political science"
"933",32161,3.88173347031698,"biology"
"934",77708,3.61338526234031,"biology"
"935",83023,1.7202120765578,"economics"
"936",26793,2.22517370297574,"economics"
"937",77134,1.5064504028298,"computer science"
"938",61115,3.91986754299141,"political science"
"939",21297,3.92747942754067,"economics"
"940",92629,2.25514586069621,"economics"
"941",38767,3.82445218171924,"political science"
"942",46971,1.55433782110922,"political science"
"943",30767,3.54160364577547,"statistics"
"944",54789,1.51387501996942,"economics"
"945",51037,3.68692515636794,"computer science"
"946",71072,3.08360603167675,"political science"
"947",59126,2.43486559810117,"biology"
"948",24989,1.76724632815458,"computer science"
"949",49840,1.92485171370208,"political science"
"950",67948,3.82718977192417,"political science"
"951",51111,2.86544725289568,"statistics"
"952",56238,2.65639950707555,"economics"
"953",92970,1.57811713302508,"economics"
"954",98982,3.2916929627303,"statistics"
"955",49486,3.34516685376875,"political science"
"956",40043,3.84131869478151,"statistics"
"957",74345,2.96923218262382,"economics"
"958",59752,2.26071546934545,"economics"
"959",39553,2.28475506473333,"computer science"
"960",85650,2.90293993065134,"political science"
"961",14356,2.63335659159347,"computer science"
"962",33589,3.41746387113817,"computer science"
"963",77904,3.88659192300402,"computer science"
"964",48807,2.9687582096085,"economics"
"965",59501,2.4473523078952,"statistics"
"966",14922,2.69139522993937,"statistics"
"967",62850,3.46136341416277,"computer science"
"968",32195,2.35948931886815,"biology"
"969",60719,2.47323573017493,"economics"
"970",34512,3.8141631515231,"political science"
"971",22074,2.63092837589793,"political science"
"972",78146,2.31829637344927,"economics"
"973",97762,1.83308548475616,"statistics"
"974",21167,3.66924260999076,"computer science"
"975",44275,3.93407700653188,"computer science"
"976",16424,3.5060451484751,"statistics"
"977",29193,2.66712184827775,"computer science"
"978",39183,1.67966422722675,"computer science"
"979",18966,1.57003084504977,"computer science"
"980",61935,2.90563631583936,"political science"
"981",31303,1.85420903656632,"computer science"
"982",60964,2.55256845075637,"political science"
"983",33972,3.71969349524006,"statistics"
"984",32252,1.57899859119207,"economics"
"985",68425,1.70918118110858,"economics"
"986",67226,2.0460145546589,"computer science"
"987",12971,3.77609760435298,"economics"
"988",37225,1.72381540434435,"economics"
"989",92967,2.42688950193115,"computer science"
"990",43209,2.40067985858768,"political science"
"991",98444,3.19026677096263,"computer science"
"992",53026,1.72636084430851,"computer science"
"993",46517,1.43299923697487,"economics"
"994",13103,2.32584763425402,"computer science"
"995",11241,1.59646195801906,"computer science"
"996",48451,3.53283929987811,"computer science"
"997",29716,3.3252542313654,"economics"
"998",17459,1.78740084501915,"computer science"
"999",86108,2.09919371604919,"statistics"
"1000",84168,2.03506361451,"economics"
"1001",69172,3.55360352289863,"computer science"
"1002",26944,1.40512774330564,"computer science"
"1003",33366,2.74404149623588,"economics"
"1004",36635,3.59508173922077,"political science"
"1005",82150,1.61656414153986,"political science"
"1006",87433,2.78875529221259,"economics"
"1007",75436,3.32776180487126,"political science"
"1008",65448,1.46420289301313,"statistics"
"1009",18935,2.32960667205043,"economics"
"1010",98766,1.51427016304806,"computer science"
"1011",75542,3.04327053162269,"political science"
"1012",58837,1.80697167711332,"economics"
"1013",96341,2.1260745797772,"computer science"
"1014",95137,3.73929536170326,"political science"
"1015",88560,2.29863082738593,"statistics"
"1016",72371,3.88470807154663,"economics"
"1017",60618,1.80138889160007,"biology"
"1018",47424,3.29505455102772,"biology"
"1019",88217,3.14709412688389,"economics"
"1020",64369,2.14085528613068,"political science"
"1021",90135,1.86996481451206,"political science"
"1022",61825,3.75314090480097,"computer science"
"1023",22514,2.27749205077998,"political science"
"1024",57714,2.91231398452073,"statistics"
"1025",43858,1.68221526737325,"computer science"
"1026",28930,1.74973851400428,"statistics"
"1027",11104,3.591630480811,"biology"
"1028",42808,3.22270845412277,"biology"
"1029",37761,3.70708905993961,"computer science"
"1030",80380,2.45372795718722,"computer science"
"1031",28411,2.4511552288197,"political science"
"1032",69936,2.71530744615011,"statistics"
"1033",37748,2.00545777566731,"political science"
"1034",59767,2.30465293028392,"computer science"
"1035",72555,2.61842677788809,"political science"
"1036",23141,3.48341691042297,"statistics"
"1037",82620,3.82494853911921,"political science"
"1038",44865,2.1577757766936,"computer science"
"1039",50993,2.81595631735399,"computer science"
"1040",75179,3.0261688569095,"computer science"
"1041",62288,3.61263020145707,"statistics"
"1042",90111,3.95106672057882,"economics"
"1043",19917,2.12018636185676,"computer science"
"1044",74098,3.27020272943191,"computer science"
"1045",79597,1.508273553662,"statistics"
"1046",65791,2.58380305701867,"computer science"
"1047",75762,1.47575189401396,"political science"
"1048",18002,3.05760220093653,"economics"
"1049",80139,1.68507984085008,"economics"
"1050",31285,3.29274443071336,"biology"
"1051",42826,2.62354058520868,"economics"
"1052",98155,3.44133968283422,"computer science"
"1053",48900,1.55190412509255,"computer science"
"1054",72778,1.78264425196685,"economics"
"1055",14348,2.92869732612744,"economics"
"1056",46754,3.09852258013561,"political science"
"1057",69054,1.61584183969535,"statistics"
"1058",90582,3.4971463273745,"computer science"
"1059",21510,3.33697394984774,"computer science"
"1060",75307,1.80398386148736,"computer science"
"1061",23782,3.78740869900212,"statistics"
"1062",68504,1.8953535743989,"statistics"
"1063",60218,1.536549807759,"biology"
"1064",47162,1.92797313341871,"economics"
"1065",14078,2.04639538400806,"computer science"
"1066",92799,2.83484054929577,"economics"
"1067",39247,2.01291616521776,"economics"
"1068",89124,2.28826201381162,"political science"
"1069",51898,2.46053829588927,"political science"
"1070",12393,2.73380991346203,"statistics"
"1071",73543,2.01260548979044,"computer science"
"1072",21432,2.25201253173873,"computer science"
"1073",45276,1.63325226358138,"economics"
"1074",78489,1.86380978189409,"political science"
"1075",21556,3.0764642518945,"statistics"
"1076",98841,2.49180312412791,"statistics"
"1077",98792,2.09621325614862,"computer science"
"1078",26323,2.94361297017895,"biology"
"1079",63771,3.52750613382086,"political science"
"1080",92329,3.61862210053951,"statistics"
"1081",17503,1.46390077373944,"economics"
"1082",99832,3.37195809399709,"computer science"
"1083",25526,1.91522206184454,"biology"
"1084",67066,1.62185454498976,"computer science"
"1085",25418,3.41803426463157,"economics"
"1086",52452,2.32110876310617,"economics"
"1087",77140,3.30828374777921,"statistics"
"1088",52333,1.40558415302075,"statistics"
"1089",47925,1.64584769415669,"statistics"
"1090",20626,3.16148406146094,"political science"
"1091",21901,2.28863661522046,"biology"
"1092",66669,2.92736059329472,"economics"
"1093",15434,3.32496876674704,"computer science"
"1094",50605,3.6546115885023,"political science"
"1095",13937,2.04693130892701,"statistics"
"1096",25089,2.95646493583918,"computer science"
"1097",19941,2.36383047839627,"economics"
"1098",44946,2.66215615733527,"economics"
"1099",59885,2.27170061049983,"computer science"
"1100",81568,2.63976744133979,"computer science"
"1101",81517,2.3095895936247,"statistics"
"1102",10022,2.76439981409349,"computer science"
"1103",60642,2.24622043585405,"computer science"
"1104",72448,3.00799148469232,"economics"
"1105",42153,1.87022373592481,"computer science"
"1106",51730,1.53251572782174,"political science"
"1107",16527,2.53920656642877,"political science"
"1108",67918,2.091224173503,"economics"
"1109",90830,3.91210145941004,"computer science"
"1110",61282,1.57696214369498,"computer science"
"1111",58844,1.68789533236995,"economics"
"1112",58088,3.82279047002085,"computer science"
"1113",38579,2.79286168357357,"computer science"
"1114",31642,2.3319709581323,"economics"
"1115",53615,2.71077290144749,"economics"
"1116",85460,3.49987715631723,"computer science"
"1117",95903,3.54709592335857,"computer science"
"1118",19644,3.2687309699133,"statistics"
"1119",21857,3.4071513723582,"statistics"
"1120",61904,2.52487051310018,"statistics"
"1121",65894,3.01452535018325,"political science"
"1122",39266,1.54635683181696,"statistics"
"1123",26018,3.16629020865075,"economics"
"1124",20222,2.79854289088398,"economics"
"1125",97491,3.15911904349923,"computer science"
"1126",87169,2.38927733646706,"political science"
"1127",31419,3.8198268300388,"economics"
"1128",84486,3.22678260705434,"computer science"
"1129",25305,3.24504071366973,"statistics"
"1130",63758,3.54899595547467,"computer science"
"1131",95268,3.28751245476305,"economics"
"1132",69741,3.02231551678851,"political science"
"1133",90051,2.28136047162116,"computer science"
"1134",64246,3.75000789063051,"economics"
"1135",28641,1.67069161883555,"political science"
"1136",32314,3.5893034867011,"biology"
"1137",74407,3.02797246067785,"economics"
"1138",61801,2.48762342431583,"statistics"
"1139",89531,2.08239116952755,"computer science"
"1140",15811,1.71997151449323,"computer science"
"1141",57597,2.5494657959789,"computer science"
"1142",13177,2.97502815402113,"biology"
"1143",56256,3.96516382391565,"economics"
"1144",12432,1.48298052232713,"political science"
"1145",25023,1.84204750540666,"economics"
"1146",51894,2.43632063879631,"political science"
"1147",62449,2.96356932739727,"economics"
"1148",67126,3.93040360352024,"economics"
"1149",74696,3.87415914833546,"political science"
"1150",49698,2.33683236134239,"computer science"
"1151",83710,2.49969278704375,"computer science"
"1152",47857,2.7394449415151,"computer science"
"1153",89323,3.60627942276187,"economics"
"1154",76950,3.75715486500412,"economics"
"1155",14900,1.41451030308381,"statistics"
"1156",60885,3.15028604920954,"economics"
"1157",73375,3.89083018773235,"political science"
"1158",92483,2.6117991427891,"computer science"
"1159",67338,2.70527211613953,"statistics"
"1160",73801,1.68291654326022,"political science"
"1161",30809,2.03185904864222,"biology"
"1162",14262,1.52085870220326,"economics"
"1163",62881,3.21940460684709,"computer science"
"1164",33729,2.58646497786976,"statistics"
"1165",53918,1.52191881472245,"biology"
"1166",74287,2.38990549822338,"economics"
"1167",60173,2.14788647638634,"biology"
"1168",14386,3.53240689691156,"computer science"
"1169",88738,2.15175036429428,"computer science"
"1170",52359,3.06537107885815,"political science"
"1171",19321,1.9258169142995,"political science"
"1172",16621,3.95192421316169,"economics"
"1173",80403,1.49482630635612,"statistics"
"1174",62099,3.68025283301249,"computer science"
"1175",82683,2.50260019879788,"political science"
"1176",45812,1.81901138932444,"computer science"
"1177",99902,2.61309350831434,"economics"
"1178",46991,3.25885371444747,"economics"
"1179",12928,2.53015148867853,"computer science"
"1180",33944,3.7881130955182,"computer science"
"1181",57530,1.89613327221014,"biology"
"1182",93032,2.72851436929777,"computer science"
"1183",37509,3.81039962619543,"biology"
"1184",11423,3.0171420827508,"political science"
"1185",73619,3.17156744673848,"economics"
"1186",49721,3.4190505024977,"economics"
"1187",64594,3.17020383169875,"statistics"
"1188",33978,2.84381222301163,"economics"
"1189",69573,3.60319145401008,"economics"
"1190",41990,2.99486269350164,"political science"
"1191",60094,2.24750084117986,"computer science"
"1192",67440,1.88356405431405,"biology"
"1193",86984,2.61200065249577,"economics"
"1194",73748,3.00756078702398,"statistics"
"1195",52985,2.53306849356741,"biology"
"1196",46489,1.80128276962787,"political science"
"1197",54701,3.01573283388279,"biology"
"1198",95765,1.56080375798047,"economics"
"1199",17504,3.64605935639702,"statistics"
"1200",23790,1.66723637110554,"computer science"
"1201",26698,2.56662056678906,"computer science"
"1202",21451,2.77702439757995,"computer science"
"1203",39020,3.98169663366862,"political science"
"1204",93431,3.70474773999304,"statistics"
"1205",56087,3.40928160580806,"computer science"
"1206",88696,3.52528432034887,"economics"
"1207",75575,3.80292504751124,"economics"
"1208",12912,1.851148672821,"computer science"
"1209",92007,2.40915733664297,"statistics"
"1210",68754,2.00034153298475,"economics"
"1211",66469,2.87480067550205,"computer science"
"1212",39216,2.53465650877915,"computer science"
"1213",50584,2.79411502568983,"computer science"
"1214",83205,2.50608857241459,"computer science"
"1215",71159,2.1240638110321,"political science"
"1216",12688,1.73785267090425,"computer science"
"1217",49374,1.83942099385895,"computer science"
"1218",72102,3.7883217563387,"computer science"
"1219",49281,2.11442508483306,"political science"
"1220",67875,3.9104122728575,"biology"
"1221",41402,1.89174994756468,"biology"
"1222",82630,2.95826739850454,"computer science"
"1223",56638,1.46882300591096,"computer science"
"1224",36918,2.68544223369099,"computer science"
"1225",62777,1.50316653605551,"statistics"
"1226",38868,2.7379308540374,"statistics"
"1227",33927,1.53620669897646,"computer science"
"1228",89739,3.8650825294666,"economics"
"1229",34646,1.55353864524513,"computer science"
"1230",80187,1.77580806561746,"biology"
"1231",55554,3.45445116497576,"political science"
"1232",73108,2.67456213515252,"statistics"
"1233",56945,3.07049938756973,"political science"
"1234",25123,3.64659918164834,"economics"
"1235",75579,2.68054271279834,"economics"
"1236",24546,3.88348247851245,"political science"
"1237",61755,1.93741473210976,"statistics"
"1238",15273,3.98179201292805,"political science"
"1239",64911,3.07144824406132,"economics"
"1240",52771,3.02030886569992,"computer science"
"1241",96193,2.03666726737283,"political science"
"1242",81917,1.4002547504846,"computer science"
"1243",50146,2.5337661257945,"statistics"
"1244",73952,2.66072237505577,"computer science"
"1245",50379,2.02668882906437,"computer science"
"1246",77517,3.05237873210572,"economics"
"1247",27634,3.60880171740428,"computer science"
"1248",95017,1.9986862544436,"biology"
"1249",28894,3.11287009352818,"statistics"
"1250",39716,2.30480662505142,"biology"
"1251",44320,3.43968667741865,"computer science"
"1252",23762,2.66828000363894,"political science"
"1253",20443,1.82365690008737,"economics"
"1254",26433,2.63619489790872,"statistics"
"1255",38167,3.55120786041953,"political science"
"1256",48604,2.62287114518695,"statistics"
"1257",46091,1.43416118733585,"economics"
"1258",47799,1.9577200573869,"computer science"
"1259",38734,2.84667013813741,"computer science"
"1260",29292,1.85217579263262,"political science"
"1261",96110,3.75040288600139,"statistics"
"1262",36674,2.16048912466504,"economics"
"1263",90716,1.61733029806055,"political science"
"1264",16611,2.03486865176819,"economics"
"1265",55862,2.77681342791766,"political science"
"1266",23986,2.84056449197233,"computer science"
"1267",15300,2.10128026311286,"computer science"
"1268",26203,2.92704074666835,"economics"
"1269",99588,3.00089636724442,"economics"
"1270",30100,1.83186983959749,"biology"
"1271",35086,2.62478924789466,"political science"
"1272",97610,1.78331609526649,"computer science"
"1273",10019,3.77292438461445,"biology"
"1274",32910,2.46105920122936,"political science"
"1275",21177,3.22315849061124,"political science"
"1276",26281,3.8702018158976,"biology"
"1277",25567,2.73405044223182,"biology"
"1278",85053,1.42369058071636,"computer science"
"1279",21346,1.98552516126074,"economics"
"1280",34291,2.39069838440046,"economics"
"1281",50522,3.86012107725255,"biology"
"1282",75420,2.18786130738445,"statistics"
"1283",17846,2.46380190066993,"statistics"
"1284",88264,3.11853896663524,"computer science"
"1285",45761,1.53654057905078,"economics"
"1286",70327,1.58223257027566,"computer science"
"1287",11331,1.51643507271074,"political science"
"1288",73436,3.6722358871717,"statistics"
"1289",64698,1.94549716152251,"biology"
"1290",71723,2.21319785076194,"computer science"
"1291",40233,1.95733893564902,"political science"
"1292",50590,1.87126878406852,"statistics"
"1293",38495,2.29208914004266,"statistics"
"1294",56672,2.64295880915597,"computer science"
"1295",89280,3.94436519285664,"economics"
"1296",24490,1.75530575145967,"economics"
"1297",57008,2.94526347788051,"economics"
"1298",26340,2.09081723801792,"biology"
"1299",59609,3.51810644599609,"computer science"
"1300",87300,2.19773897267878,"computer science"
"1301",97897,3.7224425975699,"computer science"
"1302",90674,1.99912540959194,"biology"
"1303",36144,1.82018343647942,"economics"
"1304",79146,2.96333093312569,"computer science"
"1305",14161,3.36690551699139,"economics"
"1306",26691,1.95737037258223,"biology"
"1307",33572,2.16845927983522,"biology"
"1308",18766,1.4120551622007,"political science"
"1309",59182,2.13144877348095,"economics"
"1310",36158,2.00700991121121,"political science"
"1311",37471,3.46907017128542,"political science"
"1312",46945,2.52499913023785,"political science"
"1313",37432,3.67234987639822,"economics"
"1314",96633,3.06245797611773,"statistics"
"1315",94149,3.75830312212929,"political science"
"1316",50655,1.65039869556203,"computer science"
"1317",16948,3.39434563983232,"political science"
"1318",90515,3.0244998360984,"statistics"
"1319",54849,3.61462344927713,"computer science"
"1320",17225,1.89614826212637,"computer science"
"1321",20199,3.01819581175223,"computer science"
"1322",47846,2.76132128653117,"biology"
"1323",76284,2.77090579248033,"economics"
"1324",57522,3.42546986662783,"computer science"
"1325",93212,2.38487101844512,"computer science"
"1326",41533,1.87484030020423,"political science"
"1327",62807,1.88299734140746,"biology"
"1328",93080,3.15511730611324,"economics"
"1329",98564,1.61657806118019,"biology"
"1330",42856,3.46482212697156,"political science"
"1331",32523,1.53203046908602,"computer science"
"1332",33598,2.98524901284836,"economics"
"1333",45745,2.32655158462003,"biology"
"1334",36149,1.46128703407012,"computer science"
"1335",62749,3.0232386588119,"computer science"
"1336",28982,3.25677151386626,"biology"
"1337",96182,3.42118427730165,"computer science"
"1338",25453,1.54501014868729,"economics"
"1339",84525,1.96197634488344,"computer science"
"1340",34875,3.12009186432697,"computer science"
"1341",97717,3.12827792828903,"computer science"
"1342",18440,1.49656441141851,"economics"
"1343",30745,3.2816838550847,"statistics"
"1344",66399,3.39608501917683,"political science"
"1345",13425,3.14269772525877,"economics"
"1346",47776,2.91651798104867,"economics"
"1347",92666,2.86983757126145,"political science"
"1348",47493,1.68701761229895,"computer science"
"1349",97582,2.96018558111973,"computer science"
"1350",88867,3.47574832425453,"political science"
"1351",59610,3.76261437204666,"computer science"
"1352",23571,3.18471186407842,"computer science"
"1353",36471,1.54688225192949,"biology"
"1354",55223,3.97221787679009,"computer science"
"1355",23006,3.57026173472404,"computer science"
"1356",91920,3.86920653618872,"political science"
"1357",32608,1.48344746408984,"political science"
"1358",18693,2.32667258027941,"computer science"
"1359",89106,3.55779892513528,"computer science"
"1360",97225,2.50672666872852,"computer science"
"1361",81564,2.55862195123918,"computer science"
"1362",88708,3.77279425044544,"economics"
"1363",25293,3.17819023290649,"statistics"
"1364",77509,2.13335625152104,"statistics"
"1365",55970,3.71151971039362,"economics"
"1366",62589,1.56859564743936,"political science"
"1367",66698,2.04845644421875,"political science"
"1368",15000,1.84117312994786,"political science"
"1369",33842,1.56903801825829,"economics"
"1370",43159,2.74411987094209,"computer science"
"1371",45407,1.62084417124279,"political science"
"1372",38973,3.3026240773499,"computer science"
"1373",58998,2.73017301182263,"biology"
"1374",80243,3.97343545304611,"computer science"
"1375",34006,2.6817033410538,"statistics"
"1376",44547,2.19051095820032,"political science"
"1377",23252,3.10104681011289,"computer science"
"1378",61420,2.5685394752305,"biology"
"1379",17284,2.5881108249072,"political science"
"1380",65948,2.7661242283415,"political science"
"1381",68752,3.58552072909661,"computer science"
"1382",46734,3.71534060565755,"computer science"
"1383",18945,3.89406272969209,"economics"
"1384",19319,2.95610054200515,"economics"
"1385",45317,3.99774346249178,"statistics"
"1386",63066,1.82219209615141,"statistics"
"1387",61253,1.52098303823732,"political science"
"1388",93647,2.04065581033938,"statistics"
"1389",86558,1.7869559571147,"political science"
"1390",31456,1.8081547351554,"statistics"
"1391",21567,2.22358338013291,"biology"
"1392",19581,3.27376275039278,"statistics"
"1393",32537,2.86233976674266,"political science"
"1394",53866,1.69130987329409,"statistics"
"1395",39337,2.53148932931945,"biology"
"1396",91953,2.53121299231425,"economics"
"1397",63785,3.87525692572817,"political science"
"1398",72516,3.61367482161149,"political science"
"1399",16899,3.11265642638318,"statistics"
"1400",86861,1.778794431407,"economics"
"1401",15447,2.12889524530619,"political science"
"1402",54669,3.87265951563604,"computer science"
"1403",28424,2.49270388721488,"economics"
"1404",18111,3.57136813243851,"political science"
"1405",88492,3.77408153205179,"political science"
"1406",83198,1.4721715759486,"economics"
"1407",79891,1.63505837656558,"political science"
"1408",91470,2.76882860427722,"statistics"
"1409",53705,1.72012875666842,"biology"
"1410",53409,3.13348193964921,"statistics"
"1411",98950,3.60295313419774,"biology"
"1412",77512,3.71514663086273,"computer science"
"1413",20301,2.0930458036717,"political science"
"1414",74891,2.99212857927196,"computer science"
"1415",70152,3.67570866309106,"computer science"
"1416",31382,3.12813971983269,"biology"
"1417",66416,2.03574190065265,"computer science"
"1418",34455,2.88785809115507,"statistics"
"1419",60859,3.26016951999627,"statistics"
"1420",83860,3.62884385045618,"statistics"
"1421",10992,2.62355606788769,"economics"
"1422",18360,3.12727303970605,"economics"
"1423",84984,3.53785726847127,"economics"
"1424",43087,1.74726204024628,"statistics"
"1425",65139,1.66526122051291,"economics"
"1426",90505,2.30688325935043,"political science"
"1427",82162,3.51599025567994,"economics"
"1428",65340,1.81223637033254,"economics"
"1429",84318,2.71234709993005,"statistics"
"1430",51737,2.54483726616018,"computer science"
"1431",70345,3.078253196273,"economics"
"1432",13148,1.78777945027687,"computer science"
"1433",32521,2.8843859472312,"biology"
"1434",46863,1.91436519338749,"economics"
"1435",12585,2.06574285291135,"statistics"
"1436",17929,1.92097775321454,"computer science"
"1437",66928,3.55766101814806,"statistics"
"1438",80201,2.21945901503786,"statistics"
"1439",15361,3.59312488925643,"statistics"
"1440",99797,2.84089584769681,"political science"
"1441",86351,3.61140130558051,"computer science"
"1442",82606,2.03230520538054,"political science"
"1443",35853,3.80976027920842,"computer science"
"1444",92482,2.92150870482437,"economics"
"1445",75805,2.26499340208247,"economics"
"1446",67289,3.1788470112253,"computer science"
"1447",93719,3.86876722970046,"computer science"
"1448",41642,2.82078067073599,"computer science"
"1449",91955,1.59617505446076,"biology"
"1450",89325,3.90926573979668,"political science"
"1451",54871,1.94307233886793,"computer science"
"1452",55436,1.47912584557198,"computer science"
"1453",88874,1.71101668975316,"economics"
"1454",71784,2.18388689048588,"political science"
"1455",51491,2.65735962144099,"statistics"
"1456",97608,1.93921539746225,"statistics"
"1457",97534,1.92387484600767,"statistics"
"1458",67579,1.53532027807087,"economics"
"1459",83536,2.10638888794929,"political science"
"1460",12287,2.3970439939294,"computer science"
"1461",50187,3.35497113373131,"computer science"
"1462",85359,1.86421338608488,"biology"
"1463",97288,2.68008260130882,"economics"
"1464",42698,1.88668457265012,"computer science"
"1465",68654,1.56082497341558,"computer science"
"1466",93715,2.7758066506125,"political science"
"1467",44941,3.9639785435982,"biology"
"1468",33466,3.48189299372025,"political science"
"1469",81588,2.73761480241083,"statistics"
"1470",96945,2.47572602247819,"economics"
"1471",76380,2.09827514206991,"economics"
"1472",49182,1.56323654474691,"economics"
"1473",54703,1.59401395916939,"computer science"
"1474",51695,2.42767254919745,"statistics"
"1475",12147,3.62531925332733,"computer science"
"1476",23926,3.68945320071653,"computer science"
"1477",58673,1.77542089452036,"political science"
"1478",80651,1.84330225982703,"political science"
"1479",49548,3.31611245642416,"economics"
"1480",52048,2.36466785427183,"biology"
"1481",59563,2.5325600120239,"political science"
"1482",12424,1.65832245536149,"economics"
"1483",86536,1.40776796140708,"economics"
"1484",97404,2.23862209380604,"economics"
"1485",21388,2.49049383345991,"statistics"
"1486",93651,2.80987585657276,"computer science"
"1487",26063,1.44785823752172,"computer science"
"1488",25918,3.89515022505075,"political science"
"1489",18167,2.93620539996773,"computer science"
"1490",91229,1.57857249304652,"political science"
"1491",10864,3.34048156361096,"computer science"
"1492",60796,2.78768721376546,"biology"
"1493",24839,1.6472888993565,"economics"
"1494",29873,2.60524654565379,"computer science"
"1495",20966,1.81739270840771,"biology"
"1496",39389,2.34859487572685,"political science"
"1497",22257,2.17547550378367,"statistics"
"1498",47249,1.52725998847745,"computer science"
"1499",65052,1.75857926113531,"economics"
"1500",57927,2.03905874197371,"statistics"
"1501",95842,2.26975454562344,"economics"
"1502",82435,3.72172800619155,"statistics"
"1503",43473,3.07494325726293,"economics"
"1504",17780,2.11372243659571,"statistics"
"1505",60503,3.3028778011445,"computer science"
"1506",19676,2.91439292705618,"computer science"
"1507",15980,3.02347873174585,"economics"
"1508",94940,3.7366158830002,"computer science"
"1509",26142,3.87441303073429,"computer science"
"1510",43161,3.35006229635328,"statistics"
"1511",44726,3.22237485493533,"economics"
"1512",38117,2.19446133081801,"statistics"
"1513",46824,2.23255061595701,"political science"
"1514",37878,2.36691259089857,"economics"
"1515",37464,2.63261026907712,"political science"
"1516",80979,2.46077740387991,"biology"
"1517",74491,2.42512460122816,"statistics"
"1518",57975,1.71774930269457,"political science"
"1519",56960,2.20943747088313,"computer science"
"1520",43015,2.19324483149685,"computer science"
"1521",76205,1.77855977280997,"biology"
"1522",25720,2.82508658017032,"political science"
"1523",25903,2.25309895318933,"political science"
"1524",47247,1.99072741828859,"computer science"
"1525",33591,2.16880305814557,"political science"
"1526",53747,2.27875632145442,"computer science"
"1527",21932,3.72478099423461,"biology"
"1528",63407,3.63550559212454,"political science"
"1529",43866,3.98780441917479,"statistics"
"1530",97631,1.8662378734909,"political science"
"1531",15032,3.84711857438087,"economics"
"1532",20102,1.56747986120172,"political science"
"1533",63348,3.82784579838626,"statistics"
"1534",10704,1.92974050822668,"computer science"
"1535",31312,1.81758119985461,"computer science"
"1536",80791,2.02252764538862,"political science"
"1537",29627,2.12637201356702,"statistics"
"1538",38435,3.46614200477488,"computer science"
"1539",79466,2.55584008987062,"political science"
"1540",93646,1.40163190560415,"computer science"
"1541",68033,2.50966702960432,"computer science"
"1542",32328,3.93308022371493,"economics"
"1543",97742,3.09269481948577,"political science"
"1544",60370,3.94994796263054,"statistics"
"1545",28856,1.80894053741358,"statistics"
"1546",22982,3.81600462598726,"biology"
"1547",63249,1.85337345073931,"economics"
"1548",56015,2.17168528148904,"political science"
"1549",36737,1.84776311470196,"statistics"
"1550",11036,2.50424713063985,"computer science"
"1551",83940,2.02677510795183,"computer science"
"1552",66950,1.44063149006106,"statistics"
"1553",22394,2.60865002302453,"computer science"
"1554",29670,3.36174377850257,"economics"
"1555",97882,2.34728870810941,"computer science"
"1556",25288,1.74943007477559,"political science"
"1557",18865,2.27769042351283,"statistics"
"1558",59663,3.97874303115532,"computer science"
"1559",98907,2.8395825041458,"statistics"
"1560",20845,3.33055027434602,"statistics"
"1561",91272,1.59580799764954,"statistics"
"1562",92137,2.43019106700085,"statistics"
"1563",10639,2.9538201757241,"computer science"
"1564",25790,1.78554071458057,"statistics"
"1565",65090,2.83358417674899,"statistics"
"1566",35696,3.37702335752547,"statistics"
"1567",28150,2.40334195983596,"political science"
"1568",67120,3.14706260096282,"computer science"
"1569",20593,2.91413788660429,"political science"
"1570",73636,3.38873065705411,"economics"
"1571",68704,3.01890722922981,"computer science"
"1572",82398,1.90004653870128,"economics"
"1573",11307,3.28513678004965,"political science"
"1574",24681,3.59031718205661,"economics"
"1575",51275,3.0977789756842,"statistics"
"1576",95780,1.57079361821525,"computer science"
"1577",71733,3.90624979007989,"economics"
"1578",93904,2.92007484445348,"computer science"
"1579",39182,3.27727191993035,"statistics"
"1580",30985,2.87981668151915,"computer science"
"1581",10001,2.2620608061552,"economics"
"1582",10002,3.6541593787726,"computer science"
"1583",10003,3.80576482061297,"political science"
"1584",10004,3.33337060753256,"statistics"
"1585",10005,3.01378303696401,"statistics"
"1586",10006,3.57172000380233,"computer science"
"1587",10007,1.92278533722274,"political science"
"1588",10008,1.85549519825727,"statistics"
"1589",10009,1.41899225595407,"computer science"
"1590",10010,3.63732727980241,"computer science"
